,JOUEUR,SELECTIONS,POINTS
?refer=joueur&GET_CAT=1&PARAM=758,Tariq ABDUL-WAHAD,45,589
?refer=joueur&GET_CAT=1&PARAM=668,Georges ADAMS,75,393
?refer=joueur&GET_CAT=1&PARAM=759,Arsène ADE-MENSAH,4,6
?refer=joueur&GET_CAT=1&PARAM=750,Alexis AJINCA,39,275
?refer=joueur&GET_CAT=1&PARAM=730,Cyril AKPOMEDAH,1,3
?refer=joueur&GET_CAT=1&PARAM=762,Andrew ALBICY,89,233
?refer=joueur&GET_CAT=1&PARAM=677,Olivier ALLINEI,29,58
?refer=joueur&GET_CAT=1&PARAM=381,André AMBROISE,4,14
?refer=joueur&GET_CAT=1&PARAM=468,Roger ANTOINE,66,557
?refer=joueur&GET_CAT=1&PARAM=451,Jean-Marie AUDEBERT,1,0
?refer=joueur&GET_CAT=1&PARAM=537,Michel AUDUREAU,23,54
?refer=joueur&GET_CAT=1&PARAM=736,Pape BADIANE,23,62
?refer=joueur&GET_CAT=1&PARAM=520,Philippe BAILLET,59,328
?refer=joueur&GET_CAT=1&PARAM=493,Christian BALTZER,148,873
?refer=joueur&GET_CAT=1&PARAM=395,André BARRAIS,6,2
?refer=joueur&GET_CAT=1&PARAM=572,Henri BARRE,6,8
?refer=joueur&GET_CAT=1&PARAM=669,Olivier BASSET,2,2
?refer=joueur&GET_CAT=1&PARAM=751,Nicolas BATUM,155,1645
?refer=joueur&GET_CAT=1&PARAM=327,Georges BEAUFUME,3,0
?refer=joueur&GET_CAT=1&PARAM=335,Marcel BEAULIEU,3,0
?refer=joueur&GET_CAT=1&PARAM=898,Juhann BEGARIN,3,21
?refer=joueur&GET_CAT=1&PARAM=613,Marc BELLOT,4,0
?refer=joueur&GET_CAT=1&PARAM=504,Jean BELMAS,1,3
?refer=joueur&GET_CAT=1&PARAM=874,Hugo BENITEZ,3,6
?refer=joueur&GET_CAT=1&PARAM=472,Jacques BERIO,6,11
?refer=joueur&GET_CAT=1&PARAM=711,Laurent BERNARD,9,27
?refer=joueur&GET_CAT=1&PARAM=481,Gérard BERTHEUX,5,15
?refer=joueur&GET_CAT=1&PARAM=474,Louis BERTORELLE,64,309
?refer=joueur&GET_CAT=1&PARAM=386,Paul BETTEMPS,1,1
?refer=joueur&GET_CAT=1&PARAM=614,Eric BEUGNOT,212,2491
?refer=joueur&GET_CAT=1&PARAM=638,Gregor BEUGNOT,54,297
?refer=joueur&GET_CAT=1&PARAM=458,Jean-Paul BEUGNOT,98,1081
?refer=joueur&GET_CAT=1&PARAM=413,Marcel BEZIERS,3,7
?refer=joueur&GET_CAT=1&PARAM=548,Fernand BIASSUCI,18,56
?refer=joueur&GET_CAT=1&PARAM=670,Jim BILBA,170,1198
?refer=joueur&GET_CAT=1&PARAM=618,Mathieu BISSENI,91,322
?refer=joueur&GET_CAT=1&PARAM=459,Robert BLANCHARD,19,41
?refer=joueur&GET_CAT=1&PARAM=357,Pierre BOEL,23,68
?refer=joueur&GET_CAT=1&PARAM=615,Victor BOISTOL,82,362
?refer=joueur&GET_CAT=1&PARAM=726,Yannick BOKOLO,91,262
?refer=joueur&GET_CAT=1&PARAM=541,Jean-Claude BONATO,174,2147
?refer=joueur&GET_CAT=1&PARAM=682,Yann BONATO,92,1164
?refer=joueur&GET_CAT=1&PARAM=423,Michel BONNEVIE,10,13
?refer=joueur&GET_CAT=1&PARAM=554,Maurice BOULOIS,15,16
?refer=joueur&GET_CAT=1&PARAM=382,Robert BOUNAIX,4,6
?refer=joueur&GET_CAT=1&PARAM=782,Nobel BOUNGOU COLO,2,5
?refer=joueur&GET_CAT=1&PARAM=687,Olivier BOURGAIN,3,17
?refer=joueur&GET_CAT=1&PARAM=664,Rudy BOURGAREL,19,65
?refer=joueur&GET_CAT=1&PARAM=659,Marc BOUSINIERE,3,35
?refer=joueur&GET_CAT=1&PARAM=822,Axel BOUTEILLE,12,83
?refer=joueur&GET_CAT=1&PARAM=569,Jean-Claude BOUTIN,5,10
?refer=joueur&GET_CAT=1&PARAM=859,Jerry BOUTSIELE,4,19
?refer=joueur&GET_CAT=1&PARAM=656,Pierre BRESSANT,16,17
?refer=joueur&GET_CAT=1&PARAM=428,Jacques BRESSY,1,0
?refer=joueur&GET_CAT=1&PARAM=621,George BROSTERHOUS,96,665
?refer=joueur&GET_CAT=1&PARAM=622,Gérard BRUN,4,2
?refer=joueur&GET_CAT=1&PARAM=735,Stephen BRUN,15,91
?refer=joueur&GET_CAT=1&PARAM=539,Antoine BRUYAS,6,15
?refer=joueur&GET_CAT=1&PARAM=399,André BUFFIERE,97,368
?refer=joueur&GET_CAT=1&PARAM=496,Maurice BUFFIERE,28,72
?refer=joueur&GET_CAT=1&PARAM=651,Allen BUNTING,7,40
?refer=joueur&GET_CAT=1&PARAM=522,Georges BURDY,1,4
?refer=joueur&GET_CAT=1&PARAM=341,Marc BURNEL,5,18
?refer=joueur&GET_CAT=1&PARAM=336,Roger BURNEL,7,2
?refer=joueur&GET_CAT=1&PARAM=646,Patrick BURTEY,2,12
?refer=joueur&GET_CAT=1&PARAM=356,Robert BUSNEL,28,164
?refer=joueur&GET_CAT=1&PARAM=648,Franck BUTTER,68,210
?refer=joueur&GET_CAT=1&PARAM=523,Jacques CABALLE,19,63
?refer=joueur&GET_CAT=1&PARAM=579,Jacques CACHEMIRE,250,2843
?refer=joueur&GET_CAT=1&PARAM=625,Bill CAIN,63,755
?refer=joueur&GET_CAT=1&PARAM=835,Ousmane CAMARA,4,12
?refer=joueur&GET_CAT=1&PARAM=558,Gérard CAPRON,9,7
?refer=joueur&GET_CAT=1&PARAM=352,Pierre CAQUE,2,0
?refer=joueur&GET_CAT=1&PARAM=354,Georges CARRIER,4,6
?refer=joueur&GET_CAT=1&PARAM=688,Howard CARTER,5,67
?refer=joueur&GET_CAT=1&PARAM=597,Jean CAULIER,14,0
?refer=joueur&GET_CAT=1&PARAM=760,Fabien CAUSEUR,30,77
?refer=joueur&GET_CAT=1&PARAM=629,Franck CAZALON,17,57
?refer=joueur&GET_CAT=1&PARAM=742,Laurent CAZALON,6,13
?refer=joueur&GET_CAT=1&PARAM=418,Jacques CHALIFOUR,12,8
?refer=joueur&GET_CAT=1&PARAM=634,Patrick CHAM,113,413
?refer=joueur&GET_CAT=1&PARAM=405,Jean CHAMOREL,1,0
?refer=joueur&GET_CAT=1&PARAM=837,Alexandre CHASSANG,12,46
?refer=joueur&GET_CAT=1&PARAM=406,Paul CHAUMONT,5,25
?refer=joueur&GET_CAT=1&PARAM=477,André CHAVET,30,67
?refer=joueur&GET_CAT=1&PARAM=400,Guy CHENEL,2,4
?refer=joueur&GET_CAT=1&PARAM=396,René CHOCAT,68,278
?refer=joueur&GET_CAT=1&PARAM=513,Jérôme CHRIST,58,205
?refer=joueur&GET_CAT=1&PARAM=598,Serge CLABAU,43,70
?refer=joueur&GET_CAT=1&PARAM=585,Marc CLERO,3,0
?refer=joueur&GET_CAT=1&PARAM=358,Robert COHU,27,45
?refer=joueur&GET_CAT=1&PARAM=478,Claude COLIGNON,3,0
?refer=joueur&GET_CAT=1&PARAM=589,Jean-Marc CONTER,8,16
?refer=joueur&GET_CAT=1&PARAM=442,Jean-Pierre CONTER,5,9
?refer=joueur&GET_CAT=1&PARAM=332,Jean-Marie CONTY,1,0
?refer=joueur&GET_CAT=1&PARAM=681,Bruno COQUERAN,19,21
?refer=joueur&GET_CAT=1&PARAM=544,Pierre CORDEVANT,15,42
?refer=joueur&GET_CAT=1&PARAM=857,Isaia CORDINIER,19,109
?refer=joueur&GET_CAT=1&PARAM=866,Petr CORNELIE,11,12
?refer=joueur&GET_CAT=1&PARAM=392,Georges COULON,1,0
?refer=joueur&GET_CAT=1&PARAM=671,Fabrice COURCIER,2,3
?refer=joueur&GET_CAT=1&PARAM=660,Félix COURTINARD,52,394
?refer=joueur&GET_CAT=1&PARAM=363,Jean COUTURIER,1,0
?refer=joueur&GET_CAT=1&PARAM=452,Robert CROST,11,22
?refer=joueur&GET_CAT=1&PARAM=635,Richard DACOURY,160,2242
?refer=joueur&GET_CAT=1&PARAM=672,Ken DANCY,1,0
?refer=joueur&GET_CAT=1&PARAM=743,Nando DE COLO,185,2048
?refer=joueur&GET_CAT=1&PARAM=434,Jean DEFFIN,1,0
?refer=joueur&GET_CAT=1&PARAM=633,Jean-Luc DEGANIS,94,551
?refer=joueur&GET_CAT=1&PARAM=610,Jean-Marie DEGANIS,29,64
?refer=joueur&GET_CAT=1&PARAM=587,Eric DEGONSE,3,2
?refer=joueur&GET_CAT=1&PARAM=514,Jean DEGROS,148,1061
?refer=joueur&GET_CAT=1&PARAM=675,Jim DEINES,16,59
?refer=joueur&GET_CAT=1&PARAM=328,Jules DELANNOY,1,0
?refer=joueur&GET_CAT=1&PARAM=374,Marcel DELCROIX,1,2
?refer=joueur&GET_CAT=1&PARAM=375,Paul DELMEULE,2,1
?refer=joueur&GET_CAT=1&PARAM=603,Patrick DEMARS,30,19
?refer=joueur&GET_CAT=1&PARAM=640,Valery DEMORY,86,446
?refer=joueur&GET_CAT=1&PARAM=425,René DERENCY,15,66
?refer=joueur&GET_CAT=1&PARAM=426,Maurice DESAYMONET,28,28
?refer=joueur&GET_CAT=1&PARAM=349,Fernand DESRUELLES,1,0
?refer=joueur&GET_CAT=1&PARAM=507,Claude DESSEAUX,12,50
?refer=joueur&GET_CAT=1&PARAM=429,Jacques DESSEMME,76,611
?refer=joueur&GET_CAT=1&PARAM=503,Michel DEVAUX,2,0
?refer=joueur&GET_CAT=1&PARAM=433,Louis DEVOTI,32,101
?refer=joueur&GET_CAT=1&PARAM=729,Mamoutou DIARRA,44,159
?refer=joueur&GET_CAT=1&PARAM=720,Boris DIAW,247,2090
?refer=joueur&GET_CAT=1&PARAM=737,Yakhouba DIAWARA,43,275
?refer=joueur&GET_CAT=1&PARAM=699,Alain DIGBEU,92,606
?refer=joueur&GET_CAT=1&PARAM=492,Alioune DIOP,4,3
?refer=joueur&GET_CAT=1&PARAM=754,Antoine DIOT,93,421
?refer=joueur&GET_CAT=1&PARAM=709,Makan DIOUMASSI,62,150
?refer=joueur&GET_CAT=1&PARAM=612,Didier DOBBELS,61,237
?refer=joueur&GET_CAT=1&PARAM=691,Frédéric DOMON,16,4
?refer=joueur&GET_CAT=1&PARAM=549,Laurent DORIGO,38,257
?refer=joueur&GET_CAT=1&PARAM=519,Maxime DORIGO,71,840
?refer=joueur&GET_CAT=1&PARAM=744,Thomas DUBIEZ,6,55
?refer=joueur&GET_CAT=1&PARAM=695,Fabien DUBOS,37,190
?refer=joueur&GET_CAT=1&PARAM=607,Hervé DUBUISSON,259,3913
?refer=joueur&GET_CAT=1&PARAM=592,Michel DUFFORT,6,2
?refer=joueur&GET_CAT=1&PARAM=683,Christophe DUMAS,4,0
?refer=joueur&GET_CAT=1&PARAM=401,Jean DUPERRAY,15,170
?refer=joueur&GET_CAT=1&PARAM=373,Joseph DUPLAN,4,2
?refer=joueur&GET_CAT=1&PARAM=560,Michel DUPREZ,3,3
?refer=joueur&GET_CAT=1&PARAM=595,Roger DUQUESNOY,28,56
?refer=joueur&GET_CAT=1&PARAM=561,Alain DURAND,113,709
?refer=joueur&GET_CAT=1&PARAM=652,Robert DURIGO,2,0
?refer=joueur&GET_CAT=1&PARAM=351,Roland ETIENNE,40,153
?refer=joueur&GET_CAT=1&PARAM=424,André EVEN,6,17
?refer=joueur&GET_CAT=1&PARAM=701,Vasco EVTIMOV,32,141
?refer=joueur&GET_CAT=1&PARAM=350,Marcel EXQUIS,3,0
?refer=joueur&GET_CAT=1&PARAM=372,Wladimir FABRIKANT,17,73
?refer=joueur&GET_CAT=1&PARAM=820,Moustapha FALL,30,157
?refer=joueur&GET_CAT=1&PARAM=387,Gaston FALLEUR,4,9
?refer=joueur&GET_CAT=1&PARAM=570,Bernard FATIEN,15,17
?refer=joueur&GET_CAT=1&PARAM=402,Jacques FAUCHERRE,10,39
?refer=joueur&GET_CAT=1&PARAM=702,Frédéric FAUTHOUX,47,203
?refer=joueur&GET_CAT=1&PARAM=414,Jacques FAVORY,15,15
?refer=joueur&GET_CAT=1&PARAM=626,Apollo FAYE,80,933
?refer=joueur&GET_CAT=1&PARAM=738,Cédric FERCHAUD,18,81
?refer=joueur&GET_CAT=1&PARAM=435,Louis FIORIN,1,6
?refer=joueur&GET_CAT=1&PARAM=571,Francis FLAMME,5,4
?refer=joueur&GET_CAT=1&PARAM=340,Jacques FLOURET,25,51
?refer=joueur&GET_CAT=1&PARAM=692,Laurent FOIREST,150,1292
?refer=joueur&GET_CAT=1&PARAM=376,Georges FONTAINE,2,4
?refer=joueur&GET_CAT=1&PARAM=342,Charles FONTEYNE,7,10
?refer=joueur&GET_CAT=1&PARAM=676,Frédéric FORTE,73,320
?refer=joueur&GET_CAT=1&PARAM=780,Evan FOURNIER,95,1088
?refer=joueur&GET_CAT=1&PARAM=873,Sylvain FRANCISCO,5,58
?refer=joueur&GET_CAT=1&PARAM=430,Jacques FREIMULLER,66,120
?refer=joueur&GET_CAT=1&PARAM=383,Emile FREZOT,24,60
?refer=joueur&GET_CAT=1&PARAM=716,David FRIGOUT,5,12
?refer=joueur&GET_CAT=1&PARAM=665,Didier GADOU,70,325
?refer=joueur&GET_CAT=1&PARAM=679,Thierry GADOU,118,667
?refer=joueur&GET_CAT=1&PARAM=566,Jean-Pierre GALAIS,1,0
?refer=joueur&GET_CAT=1&PARAM=577,Pierre GALLE,66,285
?refer=joueur&GET_CAT=1&PARAM=467,Claude GALLEY,24,126
?refer=joueur&GET_CAT=1&PARAM=644,Christian GARNIER,35,58
?refer=joueur&GET_CAT=1&PARAM=580,Claude GASNAL,95,470
?refer=joueur&GET_CAT=1&PARAM=482,Donat GAUBRON,5,2
?refer=joueur&GET_CAT=1&PARAM=710,David GAUTIER,13,40
?refer=joueur&GET_CAT=1&PARAM=731,Mickaël GELABALE,156,1122
?refer=joueur&GET_CAT=1&PARAM=616,Patrick GENART,7,35
?refer=joueur&GET_CAT=1&PARAM=641,Raphaël GHEWY,2,0
?refer=joueur&GET_CAT=1&PARAM=718,Sacha GIFFA,52,148
?refer=joueur&GET_CAT=1&PARAM=536,Alain GILLES,160,2286
?refer=joueur&GET_CAT=1&PARAM=397,Maurice GIRARDOT,13,18
?refer=joueur&GET_CAT=1&PARAM=494,Robert GIRAUD,5,9
?refer=joueur&GET_CAT=1&PARAM=377,Léon GLAVIEUX,2,0
?refer=joueur&GET_CAT=1&PARAM=389,René GOALARD,2,0
?refer=joueur&GET_CAT=1&PARAM=771,Rudy GOBERT,89,802
?refer=joueur&GET_CAT=1&PARAM=403,André GOEURIOT,17,105
?refer=joueur&GET_CAT=1&PARAM=530,Jean-Pierre GOISBAULT,30,94
?refer=joueur&GET_CAT=1&PARAM=460,Yves GOMINON,33,49
?refer=joueur&GET_CAT=1&PARAM=721,Joseph GOMIS,58,378
?refer=joueur&GET_CAT=1&PARAM=438,Camille GOMMENDY,5,0
?refer=joueur&GET_CAT=1&PARAM=384,Gabriel GONNET,7,6
?refer=joueur&GET_CAT=1&PARAM=642,Johnny GORDOLON,2,5
?refer=joueur&GET_CAT=1&PARAM=359,Raoul GOUGA,4,0
?refer=joueur&GET_CAT=1&PARAM=745,William GRADIT,14,57
?refer=joueur&GET_CAT=1&PARAM=483,Henri GRANGE,133,1057
?refer=joueur&GET_CAT=1&PARAM=415,Aimé GRAVAS,4,6
?refer=joueur&GET_CAT=1&PARAM=379,Abel GRAVIER,5,17
?refer=joueur&GET_CAT=1&PARAM=649,Christophe GREGOIRE,14,68
?refer=joueur&GET_CAT=1&PARAM=630,Ulysse GRUDA,6,2
?refer=joueur&GET_CAT=1&PARAM=611,Sylvain GRZANKA,23,30
?refer=joueur&GET_CAT=1&PARAM=563,René GUERIN,13,4
?refer=joueur&GET_CAT=1&PARAM=511,Roger GUILLAUME,10,42
?refer=joueur&GET_CAT=1&PARAM=567,Gérard GUILLIN,1,0
?refer=joueur&GET_CAT=1&PARAM=448,Robert GUILLIN,30,114
?refer=joueur&GET_CAT=1&PARAM=416,Fernand GUILLOU,33,177
?refer=joueur&GET_CAT=1&PARAM=333,Pierre GUILLOUX,1,0
?refer=joueur&GET_CAT=1&PARAM=535,Alain HAHN,1,4
?refer=joueur&GET_CAT=1&PARAM=588,Jean-Marie HAMEL,1,0
?refer=joueur&GET_CAT=1&PARAM=689,Bruno HAMM,25,60
?refer=joueur&GET_CAT=1&PARAM=631,Daniel HAQUET,82,609
?refer=joueur&GET_CAT=1&PARAM=602,Philippe HAQUET,32,51
?refer=joueur&GET_CAT=1&PARAM=461,Roger HAUDEGAND,64,457
?refer=joueur&GET_CAT=1&PARAM=575,Jean-Georges HAUGUEL,9,10
?refer=joueur&GET_CAT=1&PARAM=343,Henri HELL,26,91
?refer=joueur&GET_CAT=1&PARAM=360,Charles HEMMERLIN,4,0
?refer=joueur&GET_CAT=1&PARAM=497,Claude HEMMERLIN,4,12
?refer=joueur&GET_CAT=1&PARAM=650,Jean-Louis HERSIN,28,58
?refer=joueur&GET_CAT=1&PARAM=484,André HERVE,10,14
?refer=joueur&GET_CAT=1&PARAM=779,Thomas HEURTEL,99,748
?refer=joueur&GET_CAT=1&PARAM=479,Michel HOFF,2,0
?refer=joueur&GET_CAT=1&PARAM=337,Paul HOTILLE,3,0
?refer=joueur&GET_CAT=1&PARAM=531,Michel HOUSSE,8,38
?refer=joueur&GET_CAT=1&PARAM=828,William HOWARD,9,19
?refer=joueur&GET_CAT=1&PARAM=637,Frédéric HUFNAGEL,103,604
?refer=joueur&GET_CAT=1&PARAM=518,Georges HURTEL,6,2
?refer=joueur&GET_CAT=1&PARAM=462,Marcel IBERT,7,6
?refer=joueur&GET_CAT=1&PARAM=895,Damien INGLIS,3,27
?refer=joueur&GET_CAT=1&PARAM=803,Hugo INVERNIZZI,5,26
?refer=joueur&GET_CAT=1&PARAM=746,Dounia ISSA,14,39
?refer=joueur&GET_CAT=1&PARAM=755,Edwin JACKSON,54,241
?refer=joueur&GET_CAT=1&PARAM=661,Skeeter JACKSON,41,259
?refer=joueur&GET_CAT=1&PARAM=798,Mouhammadou JAITEH,36,135
?refer=joueur&GET_CAT=1&PARAM=380,Jean JEAMMES,12,16
?refer=joueur&GET_CAT=1&PARAM=812,Livio JEAN-CHARLES,4,4
?refer=joueur&GET_CAT=1&PARAM=723,Aymeric JEANNEAU,56,151
?refer=joueur&GET_CAT=1&PARAM=757,Max JOSEPH-NOEL,7,13
?refer=joueur&GET_CAT=1&PARAM=469,Alain JOUANNIC,2,0
?refer=joueur&GET_CAT=1&PARAM=538,Jean-Marie JOUARET,36,141
?refer=joueur&GET_CAT=1&PARAM=696,Cyril JULIAN,135,841
?refer=joueur&GET_CAT=1&PARAM=804,Axel JULIEN,21,76
?refer=joueur&GET_CAT=1&PARAM=639,Benkali KABA,32,169
?refer=joueur&GET_CAT=1&PARAM=761,Charles KAHUDI,102,282
?refer=joueur&GET_CAT=1&PARAM=897,Ismaël KAMAGATE,3,15
?refer=joueur&GET_CAT=1&PARAM=388,Alexandre KATLAMA,2,23
?refer=joueur&GET_CAT=1&PARAM=439,Paul KILEDJIAN,4,0
?refer=joueur&GET_CAT=1&PARAM=741,Tariq KIRKSAY,29,229
?refer=joueur&GET_CAT=1&PARAM=453,Georges KLEIN,1,5
?refer=joueur&GET_CAT=1&PARAM=727,Alain KOFFI,47,213
?refer=joueur&GET_CAT=1&PARAM=821,Lahaou KONATE,20,55
?refer=joueur&GET_CAT=1&PARAM=813,Louis LABEYRIE,34,211
?refer=joueur&GET_CAT=1&PARAM=819,Paul LACOMBE,35,177
?refer=joueur&GET_CAT=1&PARAM=444,Pierre LACOURTE,4,0
?refer=joueur&GET_CAT=1&PARAM=329,Marcel LAFONTAINE,3,0
?refer=joueur&GET_CAT=1&PARAM=593,Jacky LAMOTHE,155,741
?refer=joueur&GET_CAT=1&PARAM=858,Nicolas LANG,11,55
?refer=joueur&GET_CAT=1&PARAM=599,Alain LARROUQUIS,73,417
?refer=joueur&GET_CAT=1&PARAM=712,Willem LAURE,6,22
?refer=joueur&GET_CAT=1&PARAM=778,Joffrey LAUVERGNE,85,698
?refer=joueur&GET_CAT=1&PARAM=666,Stéphane LAUVERGNE,21,65
?refer=joueur&GET_CAT=1&PARAM=487,Robert LAVILLE,5,10
?refer=joueur&GET_CAT=1&PARAM=546,Claude LE BER,2,0
?refer=joueur&GET_CAT=1&PARAM=488,Claude LE BIEZ,7,4
?refer=joueur&GET_CAT=1&PARAM=445,Claude LE BITOUX,9,16
?refer=joueur&GET_CAT=1&PARAM=407,Joseph LE MAUFF,2,4
?refer=joueur&GET_CAT=1&PARAM=528,Michel LE RAY,119,813
?refer=joueur&GET_CAT=1&PARAM=364,Edmond LECLERE,7,0
?refer=joueur&GET_CAT=1&PARAM=550,Daniel LEDENT,122,684
?refer=joueur&GET_CAT=1&PARAM=508,Jean-Claude LEFEBVRE,57,309
?refer=joueur&GET_CAT=1&PARAM=643,Bruno LEJEUNE,18,50
?refer=joueur&GET_CAT=1&PARAM=802,JÃ©rÃ©my LELOUP,2,5
?refer=joueur&GET_CAT=1&PARAM=542,Claude LEMPEREUR,13,32
?refer=joueur&GET_CAT=1&PARAM=367,Henri LESMAYOUX,36,248
?refer=joueur&GET_CAT=1&PARAM=556,Gérard LESPINASSE,71,394
?refer=joueur&GET_CAT=1&PARAM=817,Mathias LESSORT,28,190
?refer=joueur&GET_CAT=1&PARAM=608,André LEYDER,2,0
?refer=joueur&GET_CAT=1&PARAM=443,René LONGCHAMP,2,0
?refer=joueur&GET_CAT=1&PARAM=557,Michel LONGUEVILLE,89,442
?refer=joueur&GET_CAT=1&PARAM=498,Jean LUENT,6,18
?refer=joueur&GET_CAT=1&PARAM=852,Timothé LUWAWU-CABARROT,27,172
?refer=joueur&GET_CAT=1&PARAM=767,Abdoulaye M'BAYE,3,5
?refer=joueur&GET_CAT=1&PARAM=834,Amath M'BAYE,45,263
?refer=joueur&GET_CAT=1&PARAM=578,Bernard MAGNIN,32,170
?refer=joueur&GET_CAT=1&PARAM=756,Ian MAHINMI,32,103
?refer=joueur&GET_CAT=1&PARAM=896,Yoan MAKOUNDOU,3,22
?refer=joueur&GET_CAT=1&PARAM=838,Théo MALEDON,21,100
?refer=joueur&GET_CAT=1&PARAM=543,Claude MARC,13,8
?refer=joueur&GET_CAT=1&PARAM=446,Maurice MARCELOT,20,75
?refer=joueur&GET_CAT=1&PARAM=728,Claude MARQUIS,36,198
?refer=joueur&GET_CAT=1&PARAM=436,Robert MARSOLAT,18,76
?refer=joueur&GET_CAT=1&PARAM=390,Robert MAS,1,0
?refer=joueur&GET_CAT=1&PARAM=722,Vincent MASINGUE,30,165
?refer=joueur&GET_CAT=1&PARAM=419,Francis MATALOU,3,0
?refer=joueur&GET_CAT=1&PARAM=512,Bernard MAYEUR,90,666
?refer=joueur&GET_CAT=1&PARAM=524,Gérard MAYEUR,2,0
?refer=joueur&GET_CAT=1&PARAM=600,Gérard MAZA,2,2
?refer=joueur&GET_CAT=1&PARAM=590,François MAZIER,2,0
?refer=joueur&GET_CAT=1&PARAM=704,Franck MERIGUET,13,37
?refer=joueur&GET_CAT=1&PARAM=370,Maurice MERTZ,15,29
?refer=joueur&GET_CAT=1&PARAM=855,David MICHINEAU,5,30
?refer=joueur&GET_CAT=1&PARAM=708,Eric MICOUD,20,48
?refer=joueur&GET_CAT=1&PARAM=783,Adrien MOERMAN,12,56
?refer=joueur&GET_CAT=1&PARAM=703,Jérôme MOISO,32,194
?refer=joueur&GET_CAT=1&PARAM=623,Jacques MONCLAR,201,1004
?refer=joueur&GET_CAT=1&PARAM=447,Robert MONCLAR,142,1071
?refer=joueur&GET_CAT=1&PARAM=657,Frédéric MONETTI,33,91
?refer=joueur&GET_CAT=1&PARAM=733,Michel MORANDAIS,10,53
?refer=joueur&GET_CAT=1&PARAM=525,Daniel MOREL,1,2
?refer=joueur&GET_CAT=1&PARAM=344,Jacques MORENO,2,0
?refer=joueur&GET_CAT=1&PARAM=545,Gérard MOROZE,20,155
?refer=joueur&GET_CAT=1&PARAM=529,Antoine MUGUET,3,0
?refer=joueur&GET_CAT=1&PARAM=705,Jimmy NEBOT,14,35
?refer=joueur&GET_CAT=1&PARAM=393,Jean NICHILL,1,0
?refer=joueur&GET_CAT=1&PARAM=752,Joakim NOAH,22,185
?refer=joueur&GET_CAT=1&PARAM=499,Raymond NOTE,2,5
?refer=joueur&GET_CAT=1&PARAM=818,Amine NOUA,9,50
?refer=joueur&GET_CAT=1&PARAM=591,Gérard NOUVELLE,2,0
?refer=joueur&GET_CAT=1&PARAM=851,Frank NTILIKINA,22,131
?refer=joueur&GET_CAT=1&PARAM=658,Eric OCCANSEY,44,274
?refer=joueur&GET_CAT=1&PARAM=653,Hugues OCCANSEY,83,769
?refer=joueur&GET_CAT=1&PARAM=411,Raymond OFFNER,13,41
?refer=joueur&GET_CAT=1&PARAM=823,Elie OKOBO,25,151
?refer=joueur&GET_CAT=1&PARAM=348,Etienne ONIMUS,5,49
?refer=joueur&GET_CAT=1&PARAM=605,Firmin ONISSAH,12,43
?refer=joueur&GET_CAT=1&PARAM=654,Christian ORTEGA,2,0
?refer=joueur&GET_CAT=1&PARAM=645,Stéphane OSTROWSKI,193,2813
?refer=joueur&GET_CAT=1&PARAM=815,Yakuba OUATTARA,18,106
?refer=joueur&GET_CAT=1&PARAM=564,Jean-Marie OURY,1,2
?refer=joueur&GET_CAT=1&PARAM=495,Jacques OWEN,14,80
?refer=joueur&GET_CAT=1&PARAM=475,Pierre PALACIN,2,0
?refer=joueur&GET_CAT=1&PARAM=707,Crawford PALMER,47,305
?refer=joueur&GET_CAT=1&PARAM=559,Hubert PAPIN,9,25
?refer=joueur&GET_CAT=1&PARAM=714,Tony PARKER,181,2741
?refer=joueur&GET_CAT=1&PARAM=632,Damien PASTRES,31,98
?refer=joueur&GET_CAT=1&PARAM=454,Marc PEIRONE,6,10
?refer=joueur&GET_CAT=1&PARAM=747,Marc-Antoine PELLIN,8,32
?refer=joueur&GET_CAT=1&PARAM=900,Pierre PELOS,1,0
?refer=joueur&GET_CAT=1&PARAM=685,Jean-Gaël PERCEVAUT,29,71
?refer=joueur&GET_CAT=1&PARAM=365,R. PERCINETTE GAUTREZ,1,0
?refer=joueur&GET_CAT=1&PARAM=420,Jean PERNICENI,93,506
?refer=joueur&GET_CAT=1&PARAM=404,Jacques PERRIER,50,386
?refer=joueur&GET_CAT=1&PARAM=565,Claude PETER,51,101
?refer=joueur&GET_CAT=1&PARAM=586,Christian PETIT,13,74
?refer=joueur&GET_CAT=1&PARAM=581,Patrick PETIT,26,52
?refer=joueur&GET_CAT=1&PARAM=734,Johan PETRO,45,209
?refer=joueur&GET_CAT=1&PARAM=476,Louis PEYRONNET,1,0
?refer=joueur&GET_CAT=1&PARAM=719,Florent PIETRUS,230,1210
?refer=joueur&GET_CAT=1&PARAM=715,Mickaël PIETRUS,44,337
?refer=joueur&GET_CAT=1&PARAM=463,Bernard PLANQUE,41,153
?refer=joueur&GET_CAT=1&PARAM=697,Laurent PLUVY,31,71
?refer=joueur&GET_CAT=1&PARAM=814,Vincent POIRIER,56,342
?refer=joueur&GET_CAT=1&PARAM=455,Bernard PONTAIS,7,21
?refer=joueur&GET_CAT=1&PARAM=440,Gérard PONTAIS,16,34
?refer=joueur&GET_CAT=1&PARAM=371,Robert POULANGEON,4,8
?refer=joueur&GET_CAT=1&PARAM=361,Fernand PRUDHOMME,23,67
?refer=joueur&GET_CAT=1&PARAM=427,Yvan QUENIN,6,20
?refer=joueur&GET_CAT=1&PARAM=408,Marc QUIBLIER,24,104
?refer=joueur&GET_CAT=1&PARAM=690,Régis RACINE,3,4
?refer=joueur&GET_CAT=1&PARAM=526,Michel RAT,81,454
?refer=joueur&GET_CAT=1&PARAM=533,Georges RAY,3,10
?refer=joueur&GET_CAT=1&PARAM=441,Pierre RAYNAUD,3,0
?refer=joueur&GET_CAT=1&PARAM=540,Jean-Baptiste RE,26,105
?refer=joueur&GET_CAT=1&PARAM=355,Maurice REAUBOURG,2,0
?refer=joueur&GET_CAT=1&PARAM=409,Lucien REBUFFIC,9,7
?refer=joueur&GET_CAT=1&PARAM=505,André RECK,2,9
?refer=joueur&GET_CAT=1&PARAM=573,Bruno RECOURA,8,17
?refer=joueur&GET_CAT=1&PARAM=330, REMUS,1,0
?refer=joueur&GET_CAT=1&PARAM=553,Jacques RENAUD,12,16
?refer=joueur&GET_CAT=1&PARAM=366,Henri RENAUDIN,1,0
?refer=joueur&GET_CAT=1&PARAM=470,Henri REY,60,314
?refer=joueur&GET_CAT=1&PARAM=500,Robert REY,2,3
?refer=joueur&GET_CAT=1&PARAM=449,Gaston RICARD,2,2
?refer=joueur&GET_CAT=1&PARAM=673,Antoine RIGAUDEAU,128,1500
?refer=joueur&GET_CAT=1&PARAM=655,Lionel RIGO,2,7
?refer=joueur&GET_CAT=1&PARAM=619,Robert RILEY,27,364
?refer=joueur&GET_CAT=1&PARAM=700,Rémi RIPPERT,17,28
?refer=joueur&GET_CAT=1&PARAM=678,Stéphane RISACHER,124,1046
?refer=joueur&GET_CAT=1&PARAM=398,René RIVAL,2,15
?refer=joueur&GET_CAT=1&PARAM=582,Jean-Luc ROEDIGER,2,2
?refer=joueur&GET_CAT=1&PARAM=368,Eugène RONNER,11,3
?refer=joueur&GET_CAT=1&PARAM=860,Maxime ROOS,2,9
?refer=joueur&GET_CAT=1&PARAM=485,Pierre ROQUES,6,11
?refer=joueur&GET_CAT=1&PARAM=829,Jonathan ROUSSELLE,9,32
?refer=joueur&GET_CAT=1&PARAM=501,Jean ROZEN,2,3
?refer=joueur&GET_CAT=1&PARAM=345,Antoine RUDLER,4,14
?refer=joueur&GET_CAT=1&PARAM=347,Francis RUDLER,6,24
?refer=joueur&GET_CAT=1&PARAM=450,Georges RUIN,1,0
?refer=joueur&GET_CAT=1&PARAM=662,Bruno RUIZ,2,4
?refer=joueur&GET_CAT=1&PARAM=534,Raphaël RUIZ,18,26
?refer=joueur&GET_CAT=1&PARAM=717,Thierry RUPERT,35,134
?refer=joueur&GET_CAT=1&PARAM=346,Amédée SABOURDY,5,4
?refer=joueur&GET_CAT=1&PARAM=339,Henri SAHUGUET,2,0
?refer=joueur&GET_CAT=1&PARAM=456,Raymond SAHY,20,38
?refer=joueur&GET_CAT=1&PARAM=421,Jean-Pierre SALIGNON,43,178
?refer=joueur&GET_CAT=1&PARAM=740,Yohann SANGARE,18,22
?refer=joueur&GET_CAT=1&PARAM=489,Aimé SARDIN,5,4
?refer=joueur&GET_CAT=1&PARAM=486,Pierre SAVETIER,8,26
?refer=joueur&GET_CAT=1&PARAM=431,Raymond SCHLIM,2,2
?refer=joueur&GET_CAT=1&PARAM=464,Paul SCHLUPP,48,202
?refer=joueur&GET_CAT=1&PARAM=732,Jérôme SCHMITT,16,49
?refer=joueur&GET_CAT=1&PARAM=574,Francis SCHNEIDER,9,4
?refer=joueur&GET_CAT=1&PARAM=551,Alain SCHOL,79,377
?refer=joueur&GET_CAT=1&PARAM=713,Dwayne SCHOLTEN,1,0
?refer=joueur&GET_CAT=1&PARAM=693,Laurent SCIARRA,113,649
?refer=joueur&GET_CAT=1&PARAM=636,Patrick SCUDO,7,17
?refer=joueur&GET_CAT=1&PARAM=521,Lucien SEDAT,26,69
?refer=joueur&GET_CAT=1&PARAM=801,Benjamin SENE,3,13
?refer=joueur&GET_CAT=1&PARAM=604,Jean-Michel SENEGAL,210,967
?refer=joueur&GET_CAT=1&PARAM=768,Kevin SERAPHIN,47,333
?refer=joueur&GET_CAT=1&PARAM=509,Justin SERRIER,2,4
?refer=joueur&GET_CAT=1&PARAM=353,André SEVE,1,0
?refer=joueur&GET_CAT=1&PARAM=515,Jean-Pierre SEYS,2,0
?refer=joueur&GET_CAT=1&PARAM=394,André SIENER,1,0
?refer=joueur&GET_CAT=1&PARAM=437,Jacques SILHOL,1,0
?refer=joueur&GET_CAT=1&PARAM=480,Fernand SITTERLE,2,0
?refer=joueur&GET_CAT=1&PARAM=694,Ronnie SMITH,20,79
?refer=joueur&GET_CAT=1&PARAM=748,William SOLIMAN,13,58
?refer=joueur&GET_CAT=1&PARAM=686,Moustapha SONKO,93,638
?refer=joueur&GET_CAT=1&PARAM=725,Karim SOUCHU,12,90
?refer=joueur&GET_CAT=1&PARAM=663,Christophe SOULE,53,145
?refer=joueur&GET_CAT=1&PARAM=532,André SOUVRE,8,8
?refer=joueur&GET_CAT=1&PARAM=410,Justy SPECKER,14,19
?refer=joueur&GET_CAT=1&PARAM=552,Jean-Pierre STAELENS,102,945
?refer=joueur&GET_CAT=1&PARAM=465,Gérard STURLA,40,91
?refer=joueur&GET_CAT=1&PARAM=412,Jean SWIDZINSKI,32,110
?refer=joueur&GET_CAT=1&PARAM=667,Abbas SY,3,0
?refer=joueur&GET_CAT=1&PARAM=624,Philip SZANYIEL,192,2359
?refer=joueur&GET_CAT=1&PARAM=871,Terry TARPEY,21,85
?refer=joueur&GET_CAT=1&PARAM=391,André TARTARY,6,11
?refer=joueur&GET_CAT=1&PARAM=555,Charles TASSIN,109,721
?refer=joueur&GET_CAT=1&PARAM=749,Steed TCHICAMBOUD,32,99
?refer=joueur&GET_CAT=1&PARAM=471,Henri THERON,16,51
?refer=joueur&GET_CAT=1&PARAM=473,Régis THERON,12,9
?refer=joueur&GET_CAT=1&PARAM=362,Lucien THEZE,1,5
?refer=joueur&GET_CAT=1&PARAM=417,Pierre THIOLON,35,152
?refer=joueur&GET_CAT=1&PARAM=331,Marius THOMAS,1,0
?refer=joueur&GET_CAT=1&PARAM=781,Kim TILLIE,42,144
?refer=joueur&GET_CAT=1&PARAM=816,Axel TOUPANE,29,97
?refer=joueur&GET_CAT=1&PARAM=753,Ali TRAORE,56,339
?refer=joueur&GET_CAT=1&PARAM=724,Ronny TURIAF,100,624
?refer=joueur&GET_CAT=1&PARAM=601,Jean-Louis VACHER,41,30
?refer=joueur&GET_CAT=1&PARAM=432,André VACHERESSE,70,327
?refer=joueur&GET_CAT=1&PARAM=674,Bertrand VAN BUTSELE,15,23
?refer=joueur&GET_CAT=1&PARAM=617,Bernard VANDENBROUCKE,2,0
?refer=joueur&GET_CAT=1&PARAM=770,Ludovic VATY,9,35
?refer=joueur&GET_CAT=1&PARAM=627,Marc VEAUDOR,1,2
?refer=joueur&GET_CAT=1&PARAM=606,Saint-Ange VEBOBE,76,214
?refer=joueur&GET_CAT=1&PARAM=466,Robert VERCRUYSSE,7,4
?refer=joueur&GET_CAT=1&PARAM=527,Jean-Claude VERGNE,14,44
?refer=joueur&GET_CAT=1&PARAM=490,Michel VERGNE,3,6
?refer=joueur&GET_CAT=1&PARAM=568,Yvon VERGNOL,1,0
?refer=joueur&GET_CAT=1&PARAM=334,Camille VERITE,1,0
?refer=joueur&GET_CAT=1&PARAM=369,Marcel VEROT,5,0
?refer=joueur&GET_CAT=1&PARAM=680,Jimmy VEROVE,6,8
?refer=joueur&GET_CAT=1&PARAM=596,Yves-Marie VEROVE,33,167
?refer=joueur&GET_CAT=1&PARAM=628,Georges VESTRIS,157,828
?refer=joueur&GET_CAT=1&PARAM=562,Jacques VEYRIER,4,6
?refer=joueur&GET_CAT=1&PARAM=502,Roger VEYRON,25,86
?refer=joueur&GET_CAT=1&PARAM=516,Henri VILLECOURT,27,29
?refer=joueur&GET_CAT=1&PARAM=583,Alain VINCENT,7,8
?refer=joueur&GET_CAT=1&PARAM=457,André VINCENT,1,1
?refer=joueur&GET_CAT=1&PARAM=517,Jean-Daniel VINSON,25,23
?refer=joueur&GET_CAT=1&PARAM=576,Jacques VIVIER,3,2
?refer=joueur&GET_CAT=1&PARAM=506,André WALLPOTH,1,5
?refer=joueur&GET_CAT=1&PARAM=698,Frédéric WEIS,100,461
?refer=joueur&GET_CAT=1&PARAM=894,Victor WEMBANYAMA,3,61
?refer=joueur&GET_CAT=1&PARAM=772,Léo WESTERMANN,28,86
?refer=joueur&GET_CAT=1&PARAM=620,Barry WHITE,43,408
?refer=joueur&GET_CAT=1&PARAM=584,Carlo WILM,25,10
?refer=joueur&GET_CAT=1&PARAM=385,Etienne WITTEVRONGHEL,3,0
?refer=joueur&GET_CAT=1&PARAM=378,Dimitri WOLKOFF,2,2
?refer=joueur&GET_CAT=1&PARAM=647,Robert WYMBS,2,10
?refer=joueur&GET_CAT=1&PARAM=510,Michel WYPYCZINSKI,1,2
?refer=joueur&GET_CAT=1&PARAM=856,Guerschon YABUSELE,26,268
?refer=joueur&GET_CAT=1&PARAM=491,Robert ZAGURY,16,41
?refer=joueur&GET_CAT=1&PARAM=422,André ZERWETS,1,1
?refer=joueur&GET_CAT=1&PARAM=609,Robert ZUTTION,10,17
